sku,name,category,current_stock,reorder_point,lead_time_days,unit_cost,sales_history
SKU-001,Bunny Plush,Toys,32,40,4,12.50,18;20;19;21;18;20;19;18;20;19;21;18;20;19
SKU-002,Teddy Bear,Toys,200,30,7,15.00,10;9;11;10;9;11;10;10;9;11;10;9;11;10
SKU-003,Cat Keychain,Accessories,24,25,3,3.25,5;4;6;5;4;6;5;5;4;6;5;4;6;5
SKU-004,Blue Mug,Home,400,50,10,6.75,4;3;5;4;3;5;4;4;3;5;4;3;5;4
SKU-005,Fox Bag,Bags,100,20,7,28.00,20;22;20;21;20;22;20;3;2;4;3;2;4;3
SKU-006,Frog Lamp,Home,150,20,6,22.40,3;2;4;3;2;4;3;18;20;19;21;18;20;19
SKU-007,Panda Pillow,Home,180,30,8,18.90,12;11;13;12;11;13;12;12;11;13;12;11;13;12
SKU-008,Hamster Toy,Toys,500,40,12,4.50,2;3;2;2;3;2;2;2;3;2;2;3;2;2
SKU-009,Speedy Sticker,Accessories,1200,50,5,1.20,30;28;32;30;29;31;30;30;28;32;30;29;31;30
SKU-010,Dusty Coaster,Home,30,10,14,5.60,1;0;1;0;1;0;1;0;1;0;1;0;1;0
